Language,original,english
STR_VPPAT_NAME,Vanilla++ AdminTools,Vanilla++ AdminTools
VSTR_SESSION_DISCONNECT,Session Disconnect,Oturum Bağlantısını Kes
VSTR_ERROR_UPDATE_BUILDINGSET,Something went wrong! Unable to update set,Bir şeyler yanlış gitti! Yapı seti güncellenemiyor
VSTR_ERROR_DELETE_BUILDINGSET,Something went wrong! Unable to delete set!,Bir şeyler yanlış gitti! Yapı seti silinemiyor!
VSTR_MISSING_PERM,"You may not have the permission to use that command on some, or all of your targets.",Bu komutu hedeflerinizin bazılarında veya tamamında kullanma izniniz olmayabilir.
VSTR_UPDATED_PERM_SETTING,Settings updated for group,Grup için ayarlar güncellendi
VSTR_PERMS_REMOVE_USER,Removing User:,Kullanıcıyı Kaldırma:
VSTR_FROM_GROUP,from group:,from group:
VSTR_ERROR_USER_SUPERADMIN,Error: User is a Super Admin,Hata: Kullanıcı bir Süper Yöneticidir
VSTR_ERROR_INVALID_GROUP,Error: Invalid UserGroup ,Hata: Geçersiz KullanıcıGrubu
VSTR_PERMS_USER_INGTROUP,is already inside of group: ,zaten grubun içinde:
VSTR_ERROR_UNKOWN_PERM,permission is unknown/unregistered!,izin bilinmiyor/kayıtsız!
VSTR_ERROR_NAME_MISMATCH,Your name does not match the usergroup name!\nYou can't access the tools\nchange your name to: ,Adınız kullanıcı grubu adıyla eşleşmiyor!name!\nAraçlara erişemezsiniz\nchange şu şekilde değiştirin:
VSTR_ERROR_NOT_ADMIN,You are not an admin or belong to a usergroup.,Yönetici değilsiniz veya bir kullanıcı grubuna ait değilsiniz.
VSTR_ERROR_CANT_TARGET,You cannot target Super Admins with: ,Süper Yöneticileri şunlarla hedefleyemezsiniz:
VSTR_ERROR_NO_PERM,You don't have the following permission: ,Aşağıdaki izne sahip değilsiniz:
VSTR_PERM_LVL_LOW,Permission level too low to exectue: ,İzin düzeyi yürütülemeyecek kadar düşük:
VSTR_BANNED,is now banned!,şimdi yasaklandı!
VSTR_BAN_REASON,Banned By Server Admin ,Sunucu Yöneticisi Tarafından Yasaklandı
VSTR_ERROR_BAN_PLAYER,Unable to ban player ,Oyuncu yasaklanamıyor
VSTR_KICK_PLAYER,Kicking player: ,Oyuncu Tekmele: 
VSTR_NOTIFY_SPECTATE,Press (PAGE-UP) to exit spectate!,Seyirciden çıkmak için (PAGE-UP) tuşuna basın!
VSTR_NOTIFY_GODMODE_OFF,GodMode Toggled OFF!,Tanrı Modu Kapatıldı!
VSTR_NOTIFY_GODMODE_ON,GodMode Toggled ON!,Tanrı Modu Açıldı!
VSTR_NOTIFY_REVOKE_GODMODE,Admin Revoked your godmode,"Admin, tanrı modunu iptal etti"
VSTR_NOTIFY_REVOKE_GODMODE_ADMIN,You Revoked selected players godmode!,Seçilen oyuncuların tanrı modunu iptal ettin!
VSTR_NOTIFY_GIVE_GODMODE,Admin Gave you GodMode,Yönetici size tanrı modu verdi
VSTR_NOTIFY_GIVE_GODMODE_ADMIN,You Gave selected player godmode!,Seçilen oyuncuya tanrı modunu verdin!
VSTR_NOTIFY_REVOKE_AMMO,Admin Revoked your unlimited ammo,Yönetici sınırsız cephanenizi iptal etti
VSTR_NOTIFY_REVOKE_AMMO_ADMIN,You Revoked selected players unlimited ammo!,Seçili oyuncuların sınırsız cephanesini iptal ettiniz!
VSTR_NOTIFY_GIVE_AMMO,Admin Gave you Unlimited Ammo!,Yönetici Size Sınırsız Cephane Verdi!
VSTR_NOTIFY_GIVE_AMMO_ADMIN,You Gave selected player Unlimited Ammo!,Seçtiğiniz oyuncuya Sınırsız Cephane verdiniz!
VSTR_NOTIFY_RESTART_ERROR,There is already a request for a restart in progres…,Halihazırda devam eden bir yeniden başlatma talebi var…
VSTR_NOTIFY_RESTART_IN,Server Restart in: ,Sunucu Yeniden Başlatma:
VSTR_NOTIFY_TP_BRINGSELF_ERR,You cannot bring yourself.,Kendini getiremezsin.
VSTR_NOTIFY_ERR_TP_NORETURN,No return position available.,Geri dönüş pozisyonu mevcut değil.
VSTR_NOTIFY_ERR_TPSELF,You cannot teleport to yourself,Kendine ışınlanamazsın
VSTR_TP_ERR_INVALID,Invalid Position,Geçersiz Pozisyon
VSTR_DEL_SUCESS,Sucessfully deleted ,Başarılı bir şekilde silindi!
VSTR_ADD_SUCESS,Sucessfully added ,Başarılı bir şekilde Eklendi!
VSTR_EDIT_SUCESS,Sucessfully edited ,Başarılı bir şekilde düzenlendi!
VSTR_NOT_DEFINED,NOT DEFINED,TANIMLI DEĞİL
VSTR_NOTIFY_TOOLS_TOGGLE_ON,Admin Tools & keybinds toggled [ON]!,Yönetici Araçları ve tuş bağlantıları [AÇIK] olarak değiştirildi!
VSTR_NOTIFY_TOOLS_TOGGLE_OFF,Admin Tools & keybinds toggled [OFF]!,Yönetici Araçları ve tuş bağlantıları [KAPALI] olarak değiştirildi!
VSTR_NOTIFY_ERR_NOTTOGGLE,"[VPPAT] Can't preform that action, tools are toggled OFF! [End] default key to toggle","[VPPAT] Bu eylemi gerçekleştiremiyor, araçlar KAPALI duruma getirildi! [END] geçiş yapmak için varsayılan tuş"
VSTR_NOTIFY_DEL_OBJ,Delete Object?,Nesne Silinsin mi?
VSTR_NOTIFY_Q_DEL,Are you sure you wish to delete,Silmek istediğinizden emin misiniz?
VSTR_NOTIFY_COPY_CLIPBOARD,Copied My Position to Clipboard!,Pozisyonu Panoya Kopyaladım!
VSTR_NOTIFY_COPY_POS,Copied position of object at crosshair to clipboard!,Artı işaretindeki nesnenin pozisyonu panoya kopyalandı!
VSTR_NOTIFY_SERVER_LOCK_OFF,Server is NO LONGER locked!,Sunucu şimdi kilitli DEĞİL!
VSTR_NOTIFY_SERVER_LOCK_ON,server is now locked!,sunucu şimdi kilitlendi!
VSTR_NOTIFY_SERVER_LOCKED,Server is Currently Locked!,Sunucu Şu Anda Kilitli!
VSTR_NOTIFY_LOGGED_IN_ADMIN,Logged in as admin,Yönetici olarak giriş yapıldı
VSTR_NOTIFY_LOGGED_OUT_ADMIN,Logged out,Çıkış yapıldı
VSTR_TOOLTIP_PLAYERMANAGER,"Manage players, teleport,kill,send message,heal,view information about players (guid,name,status) & more","Oyuncuları yönetin, ışınlayın, öldürün, mesaj gönderin, iyileştirin, oyuncularla ilgili bilgileri görüntüleyin (kılavuz, isim, durum) ve daha fazlası"
VSTR_TOOLTIP_ITEMMANAGER,"Spawn items on players, on ground, at crosshairs, create, edit and delete item sets & more!","Öğeleri oyuncularda, yerde, artı işaretlerinde ortaya çıkarın, öğe setleri oluşturun, düzenleyin ve silin ve daha fazlasını yapın!"
VSTR_TOOLTIP_TELEPORTMANAGER,"Manage teleport presets, add new and edit. Mass teleport players & map teleport.","Işınlanma ön ayarlarını yönetin, yeni ekleyin ve düzenleyin. Toplu ışınlanma oyuncuları ve harita ışınlanma."
VSTR_TOOLTIP_COMMANDSMENU,Execute and use shortcut commands!,Kısayol komutlarını çalıştırın ve kullanın!
VSTR_TOOLTIP_SERVERMANAGER,"Control Server settings, view player activity, restart server, monitor performance & more!","Sunucu ayarlarını kontrol edin, oyuncu etkinliğini görüntüleyin, sunucuyu yeniden başlatın, performansı izleyin ve daha fazlasını yapın!"
VSTR_TOOLTIP_WEATHERMANAGER,"Manage server weather settings, load, create delete presets, set time and change forecast.","Sunucu hava durumu ayarlarını yönetin, yükleyin, ön ayarları silin, zamanı ayarlayın ve tahmini değiştirin."
VSTR_TOOLTIP_OBJMANAGER,"Place custom mission objects, create, load, edit presets & more!","Özel görev nesneleri yerleştirin, ön ayarları oluşturun, yükleyin, düzenleyin ve daha fazlasını yapın!"
VSTR_TOOLTIP_BANSMANAGER,"Manage V++ Server ban list, add, remove, updated issued bans.","V++ Sunucu yasak listesini yönetin, yayınlanan yasakları ekleyin, kaldırın, güncelleyin."
VSTR_TOOLTIP_PERMSEDITOR,"Manage toolset permissions & roles, create new user groups, edit and delete.","Araç seti izinlerini ve rollerini yönetin, yeni kullanıcı grupları oluşturun, düzenleyin ve silin."
VSTR_TOOLTIP_WEBHOOKS,Create and edit webhooks that offload log data. (Currently supports discord only),Günlük verilerini boşaltan web kancaları oluşturun ve düzenleyin. (Şu anda yalnızca discord'u desteklemektedir)
VSTR_TOOLTIP_XMLEDITOR,Edit types.xml and check loot status on server!,type.xml dosyasını düzenleyin ve sunucudaki ganimet durumunu kontrol edin!
VSTR_TOOLTIP_TITLE,Information:,Bilgi:
VSTR_TOOLTIP_BAN_TIP,Set the unban date of when the selected ban gets revoked/removed.The date is based-off the time set on the machine this DayZ server is running on.,"Seçilen yasağın kaldırılacağı/kaldırılacağı yasağın kaldırılacağı tarihi ayarlayın. Tarih, bu DayZ sunucusunun üzerinde çalıştığı makinede ayarlanan zamana dayalıdır."
VSTR_TOOLTIP_BANS_DETIALS,"The 'Details Panel' will only show data if ONE entry from the ban list is selected!\nYou are able to edit multiple bans at once (ban reason & expiration date), however the 'Details Panel' will not populate.","'Ayrıntılar Paneli' sadece yasak listesinden BİR giriş seçilirse verileri gösterecektir!\nBirden çok yasağı aynı anda düzenleyebilirsiniz (yasaklanma nedeni ve son kullanma tarihi), ancak 'Ayrıntılar Paneli' doldurulmayacaktır."
VSTR_Q_UNBAN,Are you sure you wish to unban selected player(s) from the server?,Sunucudan seçilen oyuncu(lar)ın yasağını kaldırmak istediğinizden emin misiniz?
VSTR_UNBAN,Unban,Yasağı Kaldır!
VSTR_NOTIFIY_UPDATE_BAN_REASON,Updating Ban Reason…,Yasaklanma Nedeni Güncelleniyor...
VSTR_NOTIFIY_ERR_BAN_NOSELECT,Error:No Entries Selected!,Hata: Hiçbir Giriş Seçilmedi!
VSTR_NOTIFIY_UPDATE_BAN_TIME,Updating Ban Duration...,Yasaklanma Süresi Güncelleniyor...
VSTR_TOOLTIP_SPH,spawn an item into hands,bir eşyayı ellerine çıkart
VSTR_TOOLTIP_SPG,spawn an item on ground,yerde bir eşya ortaya çıkart
VSTR_TOOLTIP_SPAWNCAR,spawn a civilian sedan nearby,yakınlarda bir sivil sedan üret
VSTR_TOOLTIP_REFUEL,refuel & repair vehicle you are in,içinde bulunduğunuz araca yakıt ikmali yapın ve onarın
VSTR_TOOLTIP_SPI,spawn an item in your inventory,envanterinizde bir öğeyi ortaya çıkart
VSTR_TOOLTIP_AMMO,repair and reload weapon in hand,elindeki silahı onar ve yeniden doldur
VSTR_TOOLTIP_TPP,teleport to coordinates,koordinatlara ışınlanmak
VSTR_TOOLTIP_TPT,teleport to a position saved in your presets,ön ayarlarınızda kayıtlı bir pozisyona ışınlayın
VSTR_TOOLTIP_GOTO,teleport to a player by name,oyuncuya isme göre ışınlanma
VSTR_TOOLTIP_RETURN,teleport player by name to previously cached position,Oyuncuyu önceden önbelleğe alınmış pozisyona adıyla ışınla
VSTR_TOOLTIP_BRING,teleport player by name to you,teleport player by name to you
VSTR_TOOLTIP_HEAL,heal player by name or self,oyuncuyu adıyla veya kendi kendine iyileştir
VSTR_TOOLTIP_KILL,kill player by name or self,oyuncuyu ismiyle veya kendi kendine öldür
VSTR_TOOLTIP_STRIP,strip player gear by name or self,oyuncu ekipmanını isme veya kendine göre soyun
VSTR_TOOLTIP_CLEAR,clears commands history,komut geçmişini temizler
VSTR_TOOLTIP_COMMANDCONSOLE_KEYS,Arrow key UP/DOWN to cycle between previously executed commands,Önceden yürütülmüş komutlar arasında geçiş yapmak için UP/DOWN ok tuşu
VSTR_ESP_FILTER_RESTORE_TITLE,Restore Default?,Varsayılan Geri Yüklensin mi?
VSTR_ESP_FILTER_RESTORE,Are you sure you wish to restore default filters? (This will not remove any of your custom made filters!),"Varsayılan filtreleri geri yüklemek istediğinizden emin misiniz? (Bu, özel yapılmış filtrelerinizin hiçbirini kaldırmaz!)"
VSTR_ESP_CREATE_FILTER,Create Custom Filter,Özel Filtre Oluştur
VSTR_ESP_FILTER_INFO,Please insert the item type/class name or base class name of item.,Lütfen öğe türünü/sınıf adını veya öğenin temel sınıf adını girin.
VSTR_ESP_TITLE_DELETE,Delete Items,Eşyaları Sil
VSTR_ESP_DEL_CONFIRM,Are you sure you wish to delete ALL ITEMS in the list? (You can't revert once you delete this item),Listedeki TÜM EŞYALARI silmek istediğinizden emin misiniz? (Bu öğeyi sildikten sonra eski haline dönemezsiniz)
VSTR_ESP_TOOLTIP,When the toggle button is green it means ESP will scan every second with new data.,"Geçiş düğmesinin yeşil olması, ESP'nin her saniye yeni verilerle tarama yapacağı anlamına gelir."
VSTR_ESP_Q_REMOVE,Are you sure you wish to remove ,kaldırmak istediğinizden emin misiniz?
VSTR_ESP_Q_REMOVE_2,from the list?,listeden?
VSTR_ESP_DEL_CONFIRM_2,Are you sure you wish to delete ,Silmek istediğinizden emin misiniz?
VSTR_ESP_DEL_CONFIRM_3, ? (You can't revert once you delete this item!),? (Bu öğeyi sildikten sonra eski haline dönemezsiniz!)
VSTR_NOTIFY_ERR_UNIQUE,You must give the preset a unique name!,Ön ayara benzersiz bir ad vermeniz gerekir!
VSTR_DISPLAY_PARENT, (Parent),(Ebeveyn)
VSTR_TOOLTIP_ITEMMGR,"2x left click on an item from the 'Item List' on the right side of the panel to spawn it according to the options you have selected from the 'Spawn Options` at the bottom of the panel.\nTo make a new preset, click on 'New Preset'. Hold Left CTRL + 2x Left Click on an item from the 'Item List' to add it to your selected preset!\nRight clicking on a preset item will set it to `Parent`. Hold left ctrl + right click to set no parent.","Panelin sağ tarafındaki 'Öğe Listesi'nden bir öğeye 2x sol tıklayın ve onu panelin alt kısmındaki 'Yükselme Seçenekleri'nden belirlediğiniz seçeneklere göre ortaya çıkarın.\n Yeni bir ön ayar yapmak için, 'Yeni Ön Ayar'a tıklayın. Sol CTRL + 2x Basılı Tut Seçtiğiniz ön ayara eklemek için 'Öğe Listesinden' bir öğeye Sol tıklayın! \n Önceden ayarlanmış bir öğeye sağ tıklamak onu 'Üst' olarak ayarlayacaktır. Hiçbir ebeveyn ayarlamak için sol ctrl + sağ tıklamayı basılı tutun."
VSTR_TITLE_SAVEDPRESETS,Saved Item Presets,Kayıtlı Öğe Ön Ayarları
VSTR_NOTIFY_ERR_NOPRESET,No Preset Selected!,Ön Ayar Seçilmedi!
VSTR_NOTIFY_ERR_NOTSELECTPRESET,Error Adding Item to Preset: No Preset Selected!,Error Adding Item to Preset: Ön Ayar Seçilmedi!
VSTR_NOTIFY_ERR_SPAWN_PRESET,Error Spawn Preset: No Players Selected!,Error Spawn Preset: Hiçbir Oyuncu Seçilmedi!
VSTR_NOTIFY_ERR_SPAWN_PRESET_NOPLAYER,Error Spawn Preset: No Players Selected!,Error Spawn Preset: Hiçbir Oyuncu Seçilmedi!
VSTR_ALERT_ENABLE_PHYSICS,Enable Dynamic Physics,Dinamik Fiziği Etkinleştir
VSTR_TOOLTIP_PHYSICS,This option will enable physics on the object for a few seconds temporarily in order to simulate position randomization. You can use this option to make objects stacking seem \naturally placed\,"Bu seçenek, pozisyon rastgeleleştirmeyi simüle etmek için geçici olarak nesne üzerinde fiziği etkinleştirir. Nesnelerin istiflenmesinin \doğal olarak yerleştirilmiş\ görünmesini sağlamak için bu seçeneği kullanabilirsiniz."
VSTR_TOOLTIP_EXPORT_SET,Click 'yes' to generate an export of the current set. Exports are saved on server profile: VPPAdminTools\\Exports,Geçerli kümenin dışa aktarımını oluşturmak için 'evet'i tıklayın. Dışa aktarmalar sunucu profiline kaydedilir: VPPAdminTools\\Exports
VSTR_NOTIFY_ERR_DUPENAME,"Error, set name does not meet requirements!\nduplicate name or name too short!","Hata, ayar adı gereksinimleri karşılamıyor!\n yinelenen ad veya ad çok kısa!"
VSTR_TITLE_WARNING,Warning!,Uyarı!
VSTR_TOOLTIP_SELECT_SET,Selecting another building set will NOT save previous changes to other sets. Continue?,"Başka bir yapı setinin seçilmesi, diğer setlerde yapılan önceki değişiklikleri kaydetmeyecektir. Devam etmek istiyor musun ?"
VSTR_NOTIFY_OBJ_DESELECT,Object deselected!,Nesne seçimi kaldırıldı!
VSTR_NOTIFY_OB_SELECTED,Selected Object:,Seçilen Nesne:
VSTR_NOTIFY_ERR_ATTS_SHOWING,Attributes editor already showing!,Öznitelik düzenleyici zaten gösteriliyor!
VSTR_NOTIFY_ERR_NOSET_SELECTED,Cannot spawn object! No Building set selected!\n\nSelect or create a new buildingset!,Nesne oluşturulamıyor! Yapı seti seçilmedi! \n\n Yeni bir yapı seti seçin veya oluşturun!
VSTR_NOTIFY_ERR_SET_INACTIVE,Cannot spawn object! Building set selected is not active!!,Nesne oluşturulamıyor! Seçilen yapı seti aktif değil!!
VSTR_TOOLTIP_HELP_OBJMANAGER,How to use:\n\n <Object Builder Controls>\n -> Left Ctrl to deselect an object\n -> Hold left Shift + left/right click to rotate object\n -> Hold left Alt + left/right click to move up/down\n -> Left Click on object to select\n -> Hold left Click to drag/move object.,Nasıl kullanılır:\n\n <Nesne Oluşturucu Kontrolleri>\n -> Bir nesnenin seçimini kaldırmak için Sol Ctrl\n -> Nesneyi döndürmek için Shift tuşunu basılı tutun + sol/sağ tıklayın\n -> Sol Alt tuşunu basılı tutun + sol/sağ tıklama yukarı/aşağı hareket ettirmek için\n -> Seçmek için nesneye Sol Tıklayın\n -> Sola basılı tutun Nesneyi sürüklemek/taşımak için tıklayın.
VSTR_TILE_DEL_USER,Delete User,Kullanıcıyı sil
VSTR_Q_REMOVE_USER_FROMGROUP,Are you sure you wish to remove ,kaldırmak istediğinizden emin misiniz?
VSTR_Q_REMOVE_USER_FROMGROUP_2,from the group?,gruptan mı?
VSTR_TITLE_EDIT_PERMS,Edit Permission Level,İzin Seviyesini Düzenle
VSTR_TOOLTIP_PERMSLEVEL,Please Insert New Permission Level Value for the user group: ,Lütfen kullanıcı grubu için Yeni İzin Düzeyi Değeri Girin:
VSTR_NOTIFY_PERMLVL_UPDATED,Permission Level Updated To: ,İzin Seviyesi Güncellendi:
VSTR_TOOLTIPE_TITLE_DELGROUP,Delete User Group,Kullanıcı Grubunu Sil
VSTR_TOOLTIPE_DELGROUP,Are you sure you wish to delete selected user group?,Seçilen kullanıcı grubunu silmek istediğinizden emin misiniz?
VSTR_TOOLTIP_TITLE_CREATEGROUP,Create User Group,Kullanıcı Grubu Oluştur
VSTR_TOOLTIP_CREATEGROUP,Please Insert a new for the group. Duplicate names will be rejected.,Lütfen grup için yeni bir tane ekleyin. Yinelenen isimler reddedilecektir.
VSTR_TOOLTIP_TITLE_UPDATE_PERMSGRP,Update Permissions,İzinleri Güncelleyin
VSTR_TOOLTIP_UPDATE_PERMSGRP,Are you sure you wish to update selected group's permissions?,Seçilen grubun izinlerini güncellemek istediğinizden emin misiniz?
VSTR_NOTIFY_PERMS_REQUSTADD,Requesting Server to Add Members to Group: ,Sunucudan Gruba Üye Eklemesini İsteyen:
VSTR_NOTIFY_ERR_ADD_PLAYERSPERMS,Error Adding Selected Players! Something Went Wrong.,Seçili Oyuncular Eklenirken Hata! Bir şeyler ters gitti.
VSTR_NOTIFY_PERMS_UPD_GRP,Permissions for group:,Grup için izinler:
VSTR_NOTIFY_PERMS_UPD_GRP_2,updated & saved!,güncellendi ve kaydedildi!
VSTR_NOTIFY_GRPNAME,Group Name: ,Grup ismi:
VSTR_NOTIFY_ALREADY_EXISTS,already exists!,zaten var!
VSTR_NOTIFY_USER_GRP_CREATED,Created New User Group: ,Yeni Kullanıcı Grubu Oluşturuldu:
VSTR_NOTIFY_SUCCESS_COPY_TOCLIPBOARD,Successfully Copied To Clipboard!,Panoya Başarıyla Kopyalandı!
VSTR_TOOLTIP_TITLE_NOTICE,Notice,Bildirim
VSTR_TOOLTIP_WRN_ADDPLAYERTOGRP,Are you sure you wish to add selected players to selected user group?,Seçilen oyuncuları seçilen kullanıcı grubuna eklemek istediğinizden emin misiniz?
VSTR_TOOLTIP_TITLE_VOMIT,Length of Vomiting:,Kusma Süresi:
VSTR_TOOLTIP_VOMIT,"In order to make the player vomit we require the length of time the player will be vomiting for. Please keep your values between 0 and 2,147,483,647 seconds.",Oyuncunun kusmasını sağlamak için oyuncunun kusacağı sürenin uzunluğuna ihtiyacımız var. Lütfen değerlerinizi 0 ile 2.147.483.647 saniye arasında tutun.
VSTR_TOOLTIP_TITLE_KICK,Kick Player,Oyuncu Tekmele
VSTR_TOOLTIP_KICK_REASON,Please type kick reason or leave empty!,Lütfen tekme nedenini yazın ya da boş bırakın!
VSTR_TOOLTIP_TITLE_KILL_PLAYERS,Kill Player(s),Oyuncu Öldür
VSTR_TOOLTIP_KILL_PLAYERS,Are you sure you wish to kill selected players?,Seçilen oyuncuları öldürmek istediğinizden emin misiniz?
VSTR_TOOLTIP_TITLE_SEND_MSG,Send Message,Mesaj Gönder
VSTR_TOOLTIP_SEND_MSG,Please type the message you wish to send!,Lütfen göndermek istediğiniz mesajı yazın!
VSTR_TOOLTIP_TITLE_BAN_PLAYER,Ban Player(s),Oyuncu Yasakla
VSTR_TOOLTIP_BAN_PLAYER,Are you sure you wish to ban selected players? Note: you can edit the ban duration after within the Bans Manager Menu,Seçilen oyuncuları yasaklamak istediğinizden emin misiniz? Not: Yasaklama Yöneticisi Menüsü'nden sonra yasaklama süresini düzenleyebilirsiniz.
VSTR_NOTIFY_APPLY_HEALTH,Applying new Health value on,Yeni Sağlık değeri uygulanıyor
VSTR_NOTIFY_APPLY_BLOOD,Applying new Blood value on ,Yeni Kan değeri uygulanıyor
VSTR_NOTIFY_APPLY_SHOCK,Applying new Shock value on ,Yeni Şok değeri uygulanıyor
VSTR_NOTIFY_APPLY_WATER,Applying new Water value on ,Yeni Su değeri uygulanıyor
VSTR_NOTIFY_APPLY_ENERGY,Applying new Energy/Food value on ,Yeni Enerji/Yiyecek değeri uygulanıyor
VSTR_NOTIFY_KICK_MESSAGE_PLAYER,Kicked By Server Admin!,Sunucu Admini Tarafından Atıldı!
VSTR_NOTIFY_SPECTATE_REQ,Requesting to sepctate selected player…,Seçilen oyuncunun ayrılması isteniyor…
VSTR_TOOLTIP_TITLE_RESTARTSERVER,Restart Server,Sunucuyu Yeniden Başlat
VSTR_TOOLTIP_RESTARTSERVER,Please input time (seconds) until restart. Players will be alerted.,Lütfen yeniden başlatmaya kadar geçen süreyi (saniye) girin. Oyunculara uyarı verilecektir.
VSTR_TOOLTIP_TITLE_LOCKSERVER,Lock Server,Sunucuyu Kilitle
VSTR_TOOLTIP_LOCKSERVER,Are you sure you wish to lock the server and prevent new clients from connecting?,Sunucuyu kilitlemek ve yeni istemcilerin bağlanmasını engellemek istediğinizden emin misiniz?
VSTR_TOOLTIP_TITLE_KICKALLPLAYERS,Kick All Players,Tüm oyuncuları tekmele
VSTR_TOOLTIP_KICKALLPLAYERS,Are you sure you wish to kick all players from server?,Tüm oyuncuları sunucudan atmak istediğinizden emin misiniz?
VSTR_NOTIFY_KICKINGPLAYERS,Kicking all players...,Tüm oyuncular sunucudan atılıyor...
VSTR_TOOLTIP_TP_MENU_INFO,Hold Left Ctrl and 2x Click on map to create a custom position!\nDouble click on map to teleport your self or selected players!,Sol Ctrl tuşunu basılı tutun ve 2x Özel bir pozisyon oluşturmak için haritaya tıklayın!\n Kendinizi veya seçtiğiniz oyuncuları ışınlamak için haritaya çift tıklayın!
VSTR_TOOLTIP_TITLE_DEL_PRESET_TP,Delete Preset?,Ön Ayar Silinsin mi?
VSTR_TOOLTIP_DEL_PRESET_TP,Are you sure you want to remove selected saved teleport position(s)?,Seçilen kayıtlı ışınlanma pozisyonunu/pozisyonlarını kaldırmak istediğinizden emin misiniz?
VSTR_NOTIFY_ERR_TP_PLAYER,Error Teleporting...No Players selected!,Işınlanma Hatası...Seçilen Oyuncu yok!
VSTR_NOTIFY_ERR_TP_PLAYERS_NOTSELECT,"Error Teleporting...No Players selected,use Player Manager menu!","Işınlanma Hatası... Hiçbir Oyuncu seçilmedi, Oyuncu Yöneticisi menüsünü kullanın!"
VSTR_NOTIFY_ERR_INVALIDPOS,Invalid Position property!,Geçersiz pozisyon özelliği!
VSTR_NOTIFY_ERR_TP_NAME_UNIQUE,You must give the position a unique name!,Pozisyona eşsiz bir isim vermelisiniz!
VSTR_TOOLTIP_WEATHER_MNU,"This feature allows you to save presets of current world time OR the time data that you have typed in the 'World Time' section of the menu.\nTick the box `Use Current Time` to save time directly from the world (current time, as shown in the `Information` section of the menu.)","Bu özellik, mevcut dünya saatinin ön ayarlarını VEYA menünün 'Dünya Saati' bölümüne yazdığınız saat verilerini kaydetmenizi sağlar.\nDoğrudan dünyadan (şimdiki saat, menünün ""Bilgi"" bölümünde gösterildiği gibi.)"
VSTR_TOOLTIP_WEATHER_PRST,This feature allows you to save weather presets that you can apply when you wish to. Duplicate names are not allowed!\nOpening and closing this menu will refresh the presets list if other admins made any new presets while you had it open.,"Bu özellik, istediğiniz zaman uygulayabileceğiniz hava durumu ön ayarlarını kaydetmenize olanak verir. Yinelenen adlara izin verilmez!\nBu menüyü açıp kapatmak, diğer yöneticiler siz menüyü açarken yeni ön ayarlar yapmışsa, ön ayarlar listesini yenileyecektir."
VSTR_TOOLTIP_SELECT_PRST_WEATHER,Please select a weather preset to delete.,Lütfen silinecek bir hava durumu ön ayarı seçin.
VSTR_NOTIFY_ERR_WEATHERSETTING,Weather Setting doesn't exist.,Hava Durumu Ayarı yok.
VSTR_NOTIFY_DEL_WEATHER_PRST,Deleting Weather Preset…,Hava Durumu Ön Ayarı Siliniyor…
VSTR_NOTIFY_INCRR_PRESET,Incorrect Weather Preset Name,Yanlış Hava Durumu Ön Ayar Adı
VSTR_NOTIFY_NAME_INUSE,Name is already in use.,İsim zaten kullanımda.
VSTR_NOTIFY_ERR_INVALID_WEATHERDATA,Invalid Weather Data,Geçersiz Hava Durumu Verileri
VSTR_NOTIFY_SAVING_WEATHER,Saving Weather Preset…,Hava Durumu Ön Ayarı Kaydediliyor…
VSTR_NOTIFY_ERR_WEATHER_SELECT_PRST,Please select a weather preset.,Lütfen bir hava durumu ön ayarı seçin.
VSTR_NOTIFY_APPLY_WEATHERPREST,Applying Weather Preset…,Hava Durumu Ön Ayarı Uygulanıyor…
VSTR_NOTIFY_SELECT_PRST_WEATHER_DEL,Please select a time preset to delete.,Lütfen silmek için bir zaman ön ayarı seçin.
VSTR_NOTIFY_ERR_TIME_PRST,Time Preset doesn't exist.,Zaman Ön Ayarı mevcut değil.
VSTR_NOTIFY_REMOVE_DATE_PRST,Removing Date Preset…,Tarih Ön Ayarı Kaldırılıyor…
VSTR_NOTIFY_ERR_MISSING_DATE,Missing Date information.,Eksik Tarih bilgisi.
VSTR_NOTIFY_ERR_DUPE_TIME_PRST,Duplicate Time Presets,Zaman Ön Ayarlarını Çoğalt
VSTR_NOTIFY_SAVE_PRST_DATE,Saving Date Preset…,Tarih Ön Ayarı Kaydediliyor…
VSTR_NOTIFY_ERR_DATE_MISSING,Missing Date information.,Eksik Tarih bilgisi.
VSTR_NOTIFY_WTH_APPLYING,"Applying...Please Wait, sometimes it takes a few seconds to update!","Uygulanıyor... Lütfen Bekleyin, bazen güncelleme birkaç saniye sürebilir!"
VSTR_NOTIFY_SELECT_TIME_PRST,Please select a time preset.,Lütfen bir zaman ön ayarı seçin.
VSTR_NOTIFY_APPLY_TIME_PRST,Applying Time Preset...Please wait.,Zaman Ön Ayarı Uygulanıyor... Lütfen bekleyin.
VSTR_NOTIFY_UPDATED_TIME_PRST,Time Preset...Updated,Zaman Ön Ayarı... Güncellendi
VSTR_TOOLTIP_TITLE_SAVE_CHANGE,Save Changes?,Değişiklikler Kaydedilsin mi?
VSTR_TOOLTIP_SAVE_CHANGE,Are you sure you wish to save changes?,Değişiklikleri kaydetmek istediğinizden emin misiniz?
VSTR_NOTIFY_WBHOOKS_CONFG,Please Configure your webhook settings on the left then save!,Lütfen sol tarafta web kancası ayarlarınızı yapılandırın ve ardından kaydedin!
VSTR_NOTIFY_ERR_NOWEBHOOK,No webhook was selected!,Web kancası seçilmedi!
VSTR_NOTIFY_ERR_WBHOOK_NAMESHORT,"Error, WebHook name too short! 3 characters minimum","Hata, Web kancası adı çok kısa! minimum 3 karakter"
VSTR_NOTIFY_ERR_NAMEINUSE_WEBHOOK,is already used!\nPlease use a unique name,zaten kullanılıyor!\n Lütfen benzersiz bir ad kullanın
VSTR_NOTIFY_ERR_DEL_WEBHOOK,Something went really wrong\nCould not delete webhook: ,Gerçekten bir şeyler ters gitti\nWeb kancası silinemedi:
VSTR_TOOLTIP_TITLE_WBHOOK_DEL,Delete webhook?,Web kancasını silmek istiyor musunuz ?
VSTR_TOOLTIP_WBHOOK_DEL,Are you sure you wish to delete webhook: ,Web kancasını silmek istediğinizden emin misiniz:
VSTR_TOOLTIP_TITLE_WBHOOK_SELC,Select Webhook?,Web kancası seçilsin mi?
VSTR_TOOLTIP_WBHOOK_SELC,Any unsaved changes to previously selected item will be discarded continue?,Daha önce seçilen öğede kaydedilmemiş değişiklikler kaydedilmeyecek. Devam edilsin mi ?
VSTR_TOOLTIP_TITLE_NOTICE,Important Notice!,Önemli Bildirim !!
VSTR_TOOLTIP_XML_EDITORCHN,"Are you sure you wish to save changes?\n\nPlease note that these changes don't take effect to the CE automatically, a copy of the newly edited types.xml will be saved in your servers' profile folder!","Değişiklikleri kaydetmek istediğinizden emin misiniz?\n\nBu değişikliklerin CE'ye otomatik olarak etki etmediğini lütfen unutmayın, yeni düzenlenen type.xml dosyasının bir kopyası sunucularınızın profil klasörüne kaydedilecektir!"
VSTR_TOOLTIP_XML_SCAN,"This feature uses heavy server resource, you may experience heavy lag!\n\nAre you sure you wish to continue?","Bu özellik yoğun sunucu kaynağı kullanır, yoğun gecikme yaşayabilirsiniz!\n\nDevam etmek istediğinizden emin misiniz?"
VSTR_XML_TITLE_NOMINAL,Nominal:,Nominal:
VSTR_XML_TITLE_LIFETIME,Lifetime:,Lifetime:
VSTR_XML_TITLE_RESTOCK,Restock:,Restock:
VSTR_XML_TITLE_MIN,Min:,Min:
VSTR_XML_TITLE_QUANTMIN,Quantmin:,Quantmin:
VSTR_XML_TITLE_QUANTMAX,Quantmax:,Quantmax:
VSTR_XML_TITLE_COST,Cost:,Cost:
VSTR_XML_NOMINAL,"Items of this type are spawned to this value (assuming there is enough place in the world, CE queue is not pre-occupied and restock timer reaches 0)","Bu türdeki öğeler bu değerde oluşturulur (dünyada yeterli yer olduğunu varsayarsak, CE kuyruğu önceden dolu değildir ve yeniden stoklama zamanlayıcısı 0'a ulaşır)"
VSTR_XML_LIFETIME,Time in seconds before this type gets deleted (assuming no one touches it),Bu türün silinmesinden önceki saniye cinsinden süre (kimsenin dokunmadığı varsayılarak)
VSTR_XML_RESTOCK,"If set to 0, CE tries to respawn type in bulks, if set to positive value, it is time in seconds before ONE item of this type is spawned again","0'a ayarlanırsa, CE türü yığınlar halinde yeniden canlandırmaya çalışır, pozitif değere ayarlanırsa, bu türden BİR öğenin yeniden oluşturulma süresi saniye cinsindendir."
VSTR_XML_MIN,"If amount of items of this type reach below this value in world, they get spawned to nominal again (they follow restock logic though)",Dünyada bu tip itemlerin miktarı bu değerin altına düşerse tekrar nominal olarak spawn olurlar (yine de stok mantığını takip ederler)
VSTR_XML_QUANTMIN,"Min % for quantity (rags,mags,ammo,..)","Miktar için minimum % (paçavralar, mags, cephane, ..)"
VSTR_XML_QUNATMAX,"Max % for quantity (rags,mags,ammo,..)","Miktar için maksimum % (paçavralar, mags, cephane, ..)"
VSTR_XML_COST,Priority for CE (higher value should be prioritized by the spawner),"CE için öncelik (daha yüksek değer, yumurtlayan tarafından önceliklendirilmelidir)"
VSTR_NOTIFY_ERR_XML_NOITEM,No item selected!,Hiçbir öğe seçilmedi!
VSTR_NOTIFY_WAIT_INFO,Please wait...getting info from server,Lütfen bekleyin...sunucudan bilgi alınıyor
VSTR_NOTIFY_TOTALSCANNED,Total Scanned Objects:,Taranan Toplam Nesne Sayısı:
VSTR_XML_ERR_NOT_DEF,NOT DEFINED!,TANIMLANMAMIŞ!
VSTR_XML_SUCCESS_RETRIVE,Successfully retrieved data from server!,Veriler sunucudan başarıyla alındı!
VSTR_XML_NOTIFY_ERR,Failed to save...no data to save!,Kaydedilemedi...kaydedilecek veri yok!
VSTR_XML_ERR_SELECTFIRST,You need to have an item selected from the list!,Listeden seçilen bir öğeye sahip olmanız gerekiyor!
VSTR_YEAR,Year,Yıl
VSTR_MONTH,Month,Ay
VSTR_DAY,Day,Gün
VSTR_HOUR,Hour,Saat
VSTR_MINUTE,Minute,Dakika
VSTR_CANCEL,Cancel,İptal
VSTR_APPLY,Apply,Uygula
VSTR_BAN_PERMA,Ban Permanently,Kalıcı Uzaklaştırma
VSTR_EDIT_DURATION,Edit Duration,Süreyi Düzenle
VSTR_SEARCH,Search...,Arama Yap...
VSTR_BAN_LIST_MANAGER_TITLE,SERVER BAN LIST MANAGER,SUNUCU BAN LİSTESİ YÖNETİCİSİ
VSTR_REFRESH,Refresh,Yenile
VSTR_BAN_LIST,Ban List,Uzaklaştırma Listesi
VSTR_DETALIS,Details,Detaylar
VSTR_LBL_NAME,Name:,İsim:
VSTR_LBL_STEAMID,Steam ID:,Steam ID:
VSTR_LBL_GUID,GUID:,GUID:
VSTR_LBL_REASON,Reason:,Uzaklaştırma Nedeni:
VSTR_LBL_EXPERIY_DATE,Expiration Date:,Bitiş Tarihi:
VSTR_LBL_ISSUED_BY,Issued By:,Uzaklaştıran Yetkili:
VSTR_LBL_REMOVE_SEL_PLAYERS,Remove Selected Player(s),Seçilen Oyuncuları Kaldır
VSTR_LBL_CMD_TITLE,Commands Console,Commands Console
VSTR_LBL_CLEAR_LIST,Clear List,Listeyi Temizle
VSTR_LBL_DELETE_ALL,Delete All,Hepsini sil
VSTR_LBL_SELECTED_ITEMS,Selected Items,Seçilmiş Eşyalar
VSTR_TITLE_ESP_TOOLS,ESP TOOLS,ESP TOOLS
VSTR_LBL_ACTIONS,Actions,Hareketler
VSTR_LBL_CLEAR,Clear,Temizle
VSTR_LBL_TOGGLE,Toggle,ESP Çalıştır
VSTR_LBL_SHOW_CLASSNAME,Show classname,Sınıf adını göster
VSTR_LBL_DEL_RADIUS,Delete in Radius,Yarıçapta Sil
VSTR_LBL_CLASS_NAME,class name,Sınıf Adı
VSTR_LBL_UPDATE_INTERVAL,Update Interval:,Güncelleme aralığı:
VSTR_LBL_SHOW_DETAILED_ESP,Show Detailed ESP:,Detaylı ESP'yi göster:
VSTR_LBL_FILTERS,Filters,Filtreler
VSTR_LBL_DEFAULTS,Defaults,Varsayılanlar
VSTR_LBL_DISTANCE,Distance:,Mesafe:
VSTR_ITEM_MANAGER_TITLE,ITEM MANAGER,Eşya Yöneticisi
VSTR_LBL_ITEM_SETS,Item Sets,Eşya Seti
VSTR_LBL_RELOAD,Reload,Tekrar yükle
VSTR_LBL_ITEMS,Items,Eşyalar
VSTR_LBL_ITEMS_LIST,Item List,Eşya Listesi
VSTR_LBL_ITEM_PREVIEW,Item Preview,Eşya Ön izleme
VSTR_ENABLE_PREVIEW,Enable Preview,Ön İzlemeyi Etkinleştir
VSTR_SPAWN_OPTIONS,Spawn Options,Spawn Seçenekleri
VSTR_LBL_QUANTITY,Quantity:,Miktar:
VSTR_LBL_CONDITION,Condition:,Durum:
VSTR_LBL_SPAWN_IN,Spawn in:,Spawn in:
VSTR_LBL_OTHER,Other:,Diğer:
VSTR_LBL_PRISTINE,Pristine,Pristine
VSTR_LBL_WORN,Worn,Worn
VSTR_LBL_DAMAGED,Damaged,Damaged
VSTR_LBL_BADLY_DAMAGED,Badly Damaged,Badly Damaged
VSTR_LBL_RUIEND,Ruined,Ruined
VSTR_LBL_IN_INENTORY,In Inventory,Envanterde
VSTR_LBL_ON_GROUND,On Ground,Yerde
VSTR_LBL_AT_CROSSHAIRS,At Crosshair,Baktığın Yerde
VSTR_LBL_ON_SELECTED_PLAYERS,On Selected Player(s),Seçilen Oyuncu(lar)da
VSTR_LBL_SAVED_ITEM_SETS,Saved Item Sets,Kayıtlı Eşya Setleri
VSTR_LBL_PRESET_ACTIONS,Preset Actions,Önceden Ayarlanmış Eylemler
VSTR_LBL_SPAWN_PRESET,Spawn Preset,Spawn Ön Ayarı
VSTR_LBL_CREATE_PRESET,Create Preset,Hazır Ayar oluştur
VSTR_LBL_DELETE_PRESET,Delete Selected Preset,Seçilen Hazır Ayarı Sil
VSTR_LBL_SAVE_CHANGES,Save Changes,Değişiklikleri Kaydet
VSTR_LBL_NEW_PRESET_ATTS_ITEMMANAGER,NEW PRESET ATTRIBUTES,YENİ HAZIR ÖZELLİKLER
VSTR_LBL_PRESET_NAME,preset name,ön ayar adı
VSTR_LBL_SAVE,Save,Kayıt
VSTR_LBL_SELECT,Select,Seç
VSTR_LBL_TYPE,Type:,Type:
VSTR_LBL_YAW,Yaw:,Yaw:
VSTR_LBL_PITCH,Pitch:,Pitch:
VSTR_LBL_ROLL,Roll:,Roll:
VSTR_LBL_BUILDING_SET_ATTS,BUILDING SET ATTRIBUTES,YAPI SETİ ÖZELLİKLERİ
VSTR_LBL_BUILDING_SET_NAME,Building Set Name,Yapı Seti Adı
VSTR_LBL_BLD_SET_ACTIVE,Set Active (Auto Spawns the set on server start),Etkin Olarak Ayarla (Sunucu başlangıcında seti Otomatik Yeniden Oluşturur)
VSTR_LBL_EXPORT_RAW,Export Raw,Ham Dışa Aktar
VSTR_LBL_OK,OK,TAMAM
VSTR_BUILDING_ATTS,BUILDING ATTRIBUTES,YAPI ÖZELLİKLER
VSTR_LBL_BLD_SET_ACTIVE_S,Set Active (Spawn it when the set is active),Etkin Ayarla (Set etkin olduğunda spawn olur)
VSTR_BUILDING_MANAGER_TITLE,OBJECT MANAGER,NESNE YÖNETİCİSİ
VSTR_LBL_NEW_OBJ_ATT,New Object Attributes,Yeni Nesne Nitelikleri
VSTR_LBL_SEARCH_KEYWORD,Search Keyword,Anahtar Kelime Ara
VSTR_LBL_HELP,Help,Yardım
VSTR_LBL_OPTIONS,Options,Seçenekler
VSTR_LBL_FREE_CAM,Free Camera,Free Camera
VSTR_LBL_TOP_DOWN_VIEW,Top Down View,Yukarıdan Aşağı Görünüm
VSTR_LBL_FOV,FoV:,FoV:
VSTR_LBL_SNAP_ON_MOVE,Snap on Move,Hareket Halindeyken Yapış
VSTR_LBL_BUILDING_SETS,Building Sets,Yapı Setleri
VSTR_LBL_CREATE_NEW_BUILD_SET,Create New Building Set,Yeni Yapı Seti Oluştur
VSTR_LBL_SAVE_EDITS,Save Edits,Düzenlemeleri Kaydet
VSTR_PERMISSIONS_MANAGER_TITLE,PERMISSIONS EDITOR,İZİN YÖNETİCİSİ
VSTR_LBL_AVA_PERMS,Available Permissions,Kullanılabilir İzinler
VSTR_LBL_USER_GROUPS,User Groups,Kullanıcı Grupları
VSTR_LBL_ADD_MEMEBER,Add Member(s),Üye(ler) ekleyin
VSTR_LBL_UPDATE_PERMISSIONS,Update Permissions,İzinleri Güncelleyin
VSTR_LBL_CREATE_GROUP,Create Group,Grup oluştur
VSTR_LBL_DELETE_GROUP,Delete Group,Grup Silin
VSTR_LBL_UPDATE_GROUP_ATTS,USER GROUP ATTRIBUTES,KULLANICI GRUBU ÖZELLİKLERİ
VSTR_LBL_GROUP_NAME_FORCE,[Force Name]: Users within the usergroup will not be able to use the tools if their ingame name is not matching with the name saved within the group,"[Force Name]: Kullanıcı grubu içindeki kullanıcılar, oyun içi adları grup içinde kayıtlı adla eşleşmezse araçları kullanamazlar."
VSTR_LBL_GROUP_NAME,Group Name:,Grup ismi:
VSTR_LBL_GROUP_TOTAL_MEMBERS,Total Members:,Toplam Üye Sayısı:
VSTR_LBL_GROUP_PERMS_LVL,Permission Level:,İzin Seviyesi:
VSTR_PLAYER_MANAGER_TITLE,PLAYER MANAGER,OYUNCU YÖNETİCİSİ
VSTR_LBL_PLAYERS_LIST,Player List,Oyuncu Listesi
VSTR_LBL_PLAYERS_DETAILS,Player Details,Oyuncu Detayları
VSTR_LBL_MODIFIERS,Modifiers,Modifiers
VSTR_LBL_HEAL_PLAYERS,Heal Player(s),Oyuncu İyileştr
VSTR_LBL_KILL_PLAYERS,Kill Player(s),Oyuncu Öldür
VSTR_LBL_TP_TO_ME,Teleport To Me,Oyuncuyu Bana Işınla
VSTR_LBL_SEND_MESSAGE,Send Message,Mesaj Gönder
VSTR_LBL_TP_ME_TO,Teleport Me To,Beni Oyuncuya Işınla
VSTR_LBL_KICK_PLAYERS,Kick Player(s),Oyuncu Tekmele
VSTR_LBL_BAN_PLAYERS,Ban Player(s),Oyuncu Uzaklaştır
VSTR_LBL_SPECTATE_PLAYER,Spectate Player,Oyuncu İzle
VSTR_LBL_MAKE_VOMIT,Make Vomit,Oyuncu Kustur
VSTR_LBL_GODMODE,Godmode,Tanrı Modu
VSTR_LBL_UNLIM_AMMO,Unlimited Ammo,Sınırsız Cephane
VSTR_LBL_SET_INVIS,Set Invisibility,Görünmezliği Ayarla
VSTR_LBL_FREEZE_PLAYER,Freeze Player(s),Oyuncu Kilitle
VSTR_LBL_USER_GROUP,User Group:,Kullanıcı grubu:
VSTR_LBL_COPY_INFO,Copy Information,Bilgileri Kopyala
VSTR_SERVER_MANAGER_TITLE,SERVER MANAGER,SUNUCU YÖNETİCİSİ
VSTR_LBL_ACTIVVITY_MAP,Activity Map,Etkinlik Haritası
VSTR_LBL_SCRIPT_LOADER,Script Loader,Komut Dosyası Yükleyici
VSTR_LBL_REFRESH_LIST,Refresh List,Listeyi Yenile
VSTR_LBL_WRITE,Write,Yaz
VSTR_LBL_VIEW,View,Görüntüle
VSTR_LBL_LOAD,Load,Yükle
VSTR_LBL_RELEASE,Release,Serbest bırakmak
VSTR_LBL_ADMIN_LOGIN,Admin Login,Yönetici Girişi
VSTR_LBL_PASSWORD,Password:,Password:
VSTR_LBL_SERVER_MONITOR,Server Status Monitor,Sunucu Durum İzleyicisi
VSTR_LBL_SERVER_FPS,Server FPS:,Server FPS:
VSTR_LBL_ONLINE_PLAYERS,Online Players:,Çevrimiçi Oyuncular:
VSTR_LBL_SERVER_UPTIME,Server Up Time:,Sunucu Çalışma Süresi:
VSTR_LBL_MEM_USED,Memory Used:,Kullanılan Bellek:
VSTR_LBL_NETWORK_TRAFFIC,Network out Kbps:,Ağ çıkışı Kbps:
VSTR_LBL_NETWORK_TRAFFIC2,Network In Kbps:,Ağ gişi Kbps:
VSTR_LBL_ACTIVE_AI,Active AIs:,Aktif AI'lar:
VSTR_LBL_REFRESH_ACTIVITY,Refresh Activity,Etkinliği Yenile
VSTR_LBL_AUTO_UPDATE_ACTIVITY,Auto Update Activity,Otomatik Güncelleme Etkinliği
VSTR_LBL_RESTART_SERVER,Restart Server,Sunucuyu Yeniden Başlat
VSTR_LBL_LOCKSERVER,Lock Server,Sunucuyu Kilitle
VSTR_LBL_KILL_ALL_PLAYERS,Kick All Players,Tüm Oyuncuları Tekmele
VSTR_TELEPORT_MANAGER_TITLE,TELEPORT MANAGER,TELEPORT YÖNETİCİSİ
VSTR_LBL_SAVED_POSITIONS,Saved Positions,Kayıtlı Pozisyonlar
VSTR_LBL_ADD_NEW_POS,Add New Position,Yeni Pozisyon Ekle
VSTR_LBL_EDIT_SEL_POS,Edit Selected Position,Seçilen Pozisyonu Düzenle
VSTR_LBL_DEL_SEL_POS,Delete Selected Position(s),Seçili Pozisyonları Sil
VSTR_LBL_TP_TO_SEL_PLAYERS,Teleport Selected Player(s),Seçilen Oyuncuları Işınla
VSTR_LBL_TP_TO_POS,Teleport to Position,Pozisyona Işınla
VSTR_LBL_NEW_TP_POS_ATTS,NEW POSITION ATTRIBUTES,YENİ POZİSYON ÖZELLİKLERİ
VSTR_LBL_POS,Position:,pozisyon:
VSTR_WEATHER_MANAGER,WEATHER MANAGER,HAVA DURUMU YÖNETİCİSİ
VSTR_LBL_PRESETS,Presets,ön ayarlar
VSTR_LBL_INFORMATION,Information,Bilgi
VSTR_LBL_TIME,Time:,Zaman:
VSTR_LBL_DATE,Date:,Tarih:
VSTR_LBL_RAIN,Rain:,Yağmur:
VSTR_LBL_OVERCAST,Overcast:,Bulut:
VSTR_LBL_FOG,Fog:,Sis:
VSTR_LBL_WIND_FORCE,Wind Force:,Rüzgar Gücü:
VSTR_LBL_WORLD_TIME,World Time,Dünya Zamanı
VSTR_LBL_HOUR,Hour:,Saat:
VSTR_LBL_MINUTE,Minute:,Dakika:
VSTR_LBL_DAY,Day:,Gün:
VSTR_LBL_MONTH,Month:,Ay:
VSTR_LBL_YEAR,Year:,Yıl
VSTR_LBL_APPLY_PRESET,Apply Preset,Ayarları Uygula
VSTR_LBL_USE_CURRENT_TIME,Use Current Time,Geçerli Saati Kullan
VSTR_LBL_DELETE_W_PRESET,Delete Preset,Ayarları Sil
VSTR_LBL_ENTER_NAME,Enter Name,İsim Giriniz
VSTR_LBL_WEATHER_CONFG,Weather Configuration,Hava Durumu Yapılandırması
VSTR_LBL_RATE_OF_CHANGE,Rate Of Change:,Değişim oranı:
VSTR_LBL_DURATION,Duration:,Süre:
VSTR_WEB_HOOKS_MANAGER_TITLE,WebHooks Manager,WEB KANCALARI YÖNETİCİSİ
VSTR_LBL_WEBHOOKS,WebHooks,Web kancaları
VSTR_LBL_WEBHOOKS_ATTS,WebHook Attributes,Web Kancası Özellikleri
VSTR_LBL_SEND_DEATH_LOGS,Send Kill / Death logs,Öldürme / Ölüm günlüklerini gönder
VSTR_LBL_SEND_ADMIN_LOGS,Send Admin Activity Logs,Yönetici Etkinlik Günlüklerini Gönder
VSTR_LBL_SEND_HIT_LOGS,Send Player Hit / Damage Logs,Oyuncu İsabet / Hasar Günlükleri Gönder
VSTR_LBL_SEND_PLAYER_LEAVE_JOIN_LOGS,Send Player Join / Leave Logs,Oyuncu Katılma / Ayrılma Günlüklerini Gönder
VSTR_LBL_URL,URL:,URL:
VSTR_LBL_WEBHOOKS_TIP,Currently only Discord WebHooks are supported as the requests format (json) are suited for Discord,İstek formatı (json) Discord için uygun olduğundan şu anda yalnızca Discord WebHooks desteklenmektedir.
VSTR_LBL_CREATE_NEW_PRESET,Create New,Yeni oluştur
VSTR_LBL_PLEASE_WAIT,Please wait...,Lütfen Bekleyin...
VSTR_LBL_APPLY_CHANGES,Apply Changes,Değişiklikleri Uygula
VSTR_LBL_LOAD_SELECTED,Load Selected,Seçileni Yükle
VSTR_LBL_GET_ITEM_STATS,Get Item Stats,Eşya İstatistiklerini Alın
VSTR_XML_EDITOR_TITLE,XML Editor,XML YÖNETİCİSİ
VSTR_XML_MENU_TOOLTIP,If you are getting values back from the server as 'not defined' then make sure you have copied over the type.xml file from your mission to VPPAdminTools/Export/ folder located in your profiles\nNo server restart is required the file will be picked up by the system,"Değerleri sunucudan 'tanımlı değil' olarak geri alıyorsanız, type.xml dosyasını görevinizden profillerinizde bulunan VPPAdminTools/Export/ klasörüne kopyaladığınızdan emin olun\nSunucunun yeniden başlatılması gerekmez, dosya seçilecektir. sistem tarafından yukarı"
VSTR_SESSION_DISCONNECT_02,,
